<?xml version="1.0"?>
<!DOCTYPE module PUBLIC
          "-//Puppy Crawl//DTD Check Configuration 1.3//EN"
          "http://www.puppycrawl.com/dtds/configuration_1_3.dtd">

<!-- http://checkstyle.sourceforge.net/checks.html -->
<module name="Checker">
    <property name="charset" value="UTF-8"/>
    <property name="severity" value="warning"/>

    <!-- <module name="SuppressionFilter"> -->
    <!--   <property name="file" value="${checkstyleConfigDir}/suppressions.xml"/> -->
    <!-- </module> -->

    <!-- Checks that all packages have package documentation -->
    <!-- <module name="JavadocPackage"/> -->

    <!-- Checks whether files end with a new line.                        -->
    <!-- See http://checkstyle.sf.net/config_misc.html#NewlineAtEndOfFile -->
    <module name="NewlineAtEndOfFile"/>

    <!-- Checks that property files contain the same keys.         -->
    <!-- See http://checkstyle.sf.net/config_misc.html#Translation -->
    <module name="Translation"/>

    <!-- Checks for Size Violations.                    -->
    <!-- See http://checkstyle.sf.net/config_sizes.html -->
    <module name="FileLength"/>

    <!-- Checks for whitespace                               -->
    <!-- See http://checkstyle.sf.net/config_whitespace.html -->
    <module name="FileTabCharacter"/>

    <!-- Miscellaneous other checks.                   -->
    <!-- See http://checkstyle.sf.net/config_misc.html -->
    <module name="RegexpSingleline">
       <property name="format" value="\s+$"/>
       <property name="minimum" value="0"/>
       <property name="maximum" value="0"/>
       <property name="message" value="Line has trailing spaces."/>
    </module>


    <!-- See http://checkstyle.sf.net/config_sizes.html -->
    <module name="LineLength">
        <property name="max" value="120"/>
    </module>

    <module name="TreeWalker">
        <property name="tabWidth" value="2"/>

        <!-- Annotations -->
        <!-- http://checkstyle.sourceforge.net/config_annotation.html -->
        <module name="AnnotationLocation"/>
        <module name="AnnotationUseStyle"/>
        <module name="MissingDeprecated"/>
        <module name="MissingOverride"/>


        <!-- Checks for Javadoc comments.                     -->
        <!-- See http://checkstyle.sf.net/config_javadoc.html -->
        <module name="JavadocMethod">
            <property name="scope" value="public"/>
        </module>
        <module name="JavadocType">
            <property name="scope" value="public"/>
        </module>
        <module name="JavadocVariable">
            <property name="scope" value="public"/>
        </module>
        <module name="JavadocStyle">
            <property name="scope" value="public"/>
        </module>


        <!-- Checks for Naming Conventions.                  -->
        <!-- See http://checkstyle.sf.net/config_naming.html -->
        <module name="ConstantName"/>
        <module name="LocalFinalVariableName"/>
        <module name="LocalVariableName"/>
        <module name="MemberName"/>
        <module name="MethodName"/>
        <module name="MethodTypeParameterName"/>
        <module name="PackageName"/>
        <module name="ParameterName"/>
        <module name="StaticVariableName"/>
        <module name="TypeName"/>



        <!-- Checks for imports                              -->
        <!-- See http://checkstyle.sf.net/config_import.html -->
        <!-- <module name="AvoidStarImport"/> -->
        <module name="IllegalImport"/> <!-- defaults to sun.* packages -->
        <module name="RedundantImport"/>
        <module name="UnusedImports"/>


        <!-- Checks for Size Violations.                    -->
        <!-- See http://checkstyle.sf.net/config_sizes.html -->
        <module name="MethodLength"/>
        <module name="ParameterNumber">
            <property name="max" value="3"/>
        </module>


        <!-- Checks for whitespace                               -->
        <!-- See http://checkstyle.sf.net/config_whitespace.html -->
        <module name="EmptyForIteratorPad"/>
        <module name="GenericWhitespace"/>
        <module name="MethodParamPad"/>
        <module name="NoWhitespaceAfter"/>
        <module name="NoWhitespaceBefore"/>
        <module name="OperatorWrap"/>
        <module name="ParenPad"/>
        <module name="TypecastParenPad"/>
        <module name="WhitespaceAfter"/>
        <module name="WhitespaceAround"/>


        <!-- Modifier Checks                                    -->
        <!-- See http://checkstyle.sf.net/config_modifiers.html -->
        <module name="ModifierOrder"/>
        <module name="RedundantModifier"/>


        <!-- Checks for blocks. You know, those {}'s         -->
        <!-- See http://checkstyle.sf.net/config_blocks.html -->
        <module name="AvoidNestedBlocks"/>
        <module name="EmptyBlock"/>
        <module name="EmptyCatchBlock"/>
        <module name="NeedBraces"/>
        <module name="LeftCurly"/>
        <module name="RightCurly"/>

        <!-- Checks for common coding problems               -->
        <!-- See http://checkstyle.sf.net/config_coding.html -->
        <module name="ArrayTrailingComma"/>
        <module name="AvoidInlineConditionals"/>
        <module name="CovariantEquals"/>
        <module name="DeclarationOrder"/>
        <module name="DefaultComesLast"/>
        <module name="EmptyStatement"/>
        <module name="EqualsAvoidNull"/>
        <module name="EqualsHashCode"/>
        <module name="ExplicitInitialization"/>
        <module name="FallThrough"/>
        <module name="FinalLocalVariable"/>
        <module name="HiddenField">
            <property name="ignoreConstructorParameter" value="true" />
            <property name="ignoreSetter" value="true" />
            <property name="setterCanReturnItsClass" value="true" />
        </module>
        <module name="IllegalInstantiation"/>
        <module name="InnerAssignment"/>
        <module name="IllegalThrows"/>
        <module name="IllegalCatch"/>
        <module name="IllegalToken"/>
        <module name="InnerAssignment"/>
        <!-- <module name="MagicNumber"/> -->
        <module name="MissingSwitchDefault"/>
        <module name="ModifiedControlVariable"/>
        <module name="MultipleStringLiterals"/>
        <module name="MultipleVariableDeclarations"/>
        <module name="NestedForDepth">
            <property name="max" value="1"/>
        </module>
        <module name="NestedIfDepth">
            <property name="max" value="1"/>
        </module>
        <module name="NestedTryDepth">
          <property name="max" value="1"/>
        </module>
        <module name="NoClone"/>
        <module name="NoFinalizer"/>
        <module name="RedundantThrows"/>
        <module name="OneStatementPerLine"/>
        <module name="OverloadMethodsDeclarationOrder"/>
        <module name="PackageDeclaration"/>
        <module name="ParameterAssignment"/>
        <module name="RequireThis"/>
        <module name="ReturnCount">
          <property name="max" value="3"/>
          <property name="maxForVoid" value="3"/>
        </module>
        <module name="SimplifyBooleanExpression"/>
        <module name="SimplifyBooleanReturn"/>
        <module name="StringLiteralEquality"/>
        <module name="SuperClone"/>
        <module name="SuperFinalize"/>
        <module name="UnnecessaryParentheses"/>
        <module name="VariableDeclarationUsageDistance"/>

        <!-- Checks for class design                         -->
        <!-- See http://checkstyle.sf.net/config_design.html -->
        <module name="DesignForExtension"/>
        <module name="FinalClass"/>
        <module name="HideUtilityClassConstructor"/>
        <!-- <module name="InnerTypeLast"/> -->
        <module name="InterfaceIsType"/>
        <module name="MutableException"/>
        <module name="OneTopLevelClass"/>
        <module name="ThrowsCount"/>
        <module name="VisibilityModifier">
            <property name="packageAllowed" value="true"/>
            <property name="protectedAllowed" value="true"/>
        </module>

        <!-- Metrics -->
        <!-- See http://checkstyle.sourceforge.net/config_metrics.html -->
        <module name="BooleanExpressionComplexity">
          <property name="max" value="5"/>
        </module>
        <module name="ClassDataAbstractionCoupling">
          <property name="max" value="7"/>
        </module>
        <module name="ClassFanOutComplexity">
          <property name="max" value="10"/>
        </module>
        <module name="CyclomaticComplexity">
          <property name="max" value="10"/>
        </module>

        <!-- Miscellaneous other checks.                   -->
        <!-- See http://checkstyle.sf.net/config_misc.html -->
        <module name="ArrayTypeStyle"/>
        <!-- <module name="FinalParameters"/> -->
        <module name="TodoComment"/>
        <module name="UpperEll"/>
        <module name="ArrayTypeStyle"/>
        <module name="Indentation">
            <property name="basicOffset" value="2"/>
            <property name="caseIndent" value="2"/>
            <property name="throwsIndent" value="2"/>
            <property name="arrayInitIndent" value="2"/>
            <property name="lineWrappingIndentation" value="2"/>
        </module>
        <module name="TrailingComment"/>
        <module name="OuterTypeFilename"/>

    </module>

</module>
